"Informazioni cronologiche","How old are you? / Quanti anni hai?","How much do you know the problem of plastic pollution in the ocean? / Quanto conosci il problema dell'inquinamento della plastica negli oceani?","How much important is plastic pollution for you?/ Quanto è importante per te l'inquinamento della plastica?","Do you think sensibilization can help people to reduce the amount of plastic improperly trashed?/  Pensi che la sensibilizzazione possa aiutare la gente a ridurre la quantità di plastica buttata impropriamente?","What kind of stuff would you like to be made starting from recycled plastic? / Che tipo di cose ti piacerebbe fossero realizzate partendo dalla plastica riciclata?","How do you imagine the future of our oceans? / Come immagini il futuro dei nostri oceani? ","Imagine you are on one of those plastic islands. How do you feel? /Immagina di essere su una di queste isole di plastica. Come ti sentiresti?","What does increase more your awareness around an issue? Knowing all its worst consequences or all the best things after overcoming that? /  Che cosa aumenta di più la tua sensibilità su un problema? Sapere tutte le sue conseguenze peggiori o le cose migliori dopo la risoluzione?","What does make you feel more unconfortable in a claustrophobic situation? / Che cosa ti da una sensazione maggiore di claustrofobia? ","Would you like to try any virtual trips (for example 4D experience) in order to increase awareness about this topic?/ Ti piacerebbe provare dei viaggi virtuali di sensibilizzazione su questo tema (per esempio un'esperienza 4D)?","How much intense can be the virtual unconfortable experience you would like to have? (claustrophobic for example) / Quanto intensa può essere l'esperienza virtuale di disagio che vorresti avere? (Claustrofobica per esempio)"
"2021/03/23 9:46:36 PM EET","33","4","3","Maybe (Forse)","Asdf","Hujhu","Nada","The worst things (Le cose peggiori)","passage and horizon blocked  (Passaggio e orizzonte ostruiti)","No (No)","3"
"2021/03/23 9:55:22 PM EET","21","3","5","Maybe (Forse)","","La situazione peggiorerà per una decina di anni poi inizierà a migliorare","","The worst things (Le cose peggiori)","Other (Altro)","Yes, but only to have a nice experience without unconfortable feelings (Sì ma solo per avere esperienze senza sentimenti di disagio)","1"
"2021/03/23 9:56:37 PM EET","27","3","5","Maybe (Forse)","Anything","Dirty","Bad","The worst things (Le cose peggiori)","To be in a crowd in a closed space (Trovarsi in mezzo alla folla in uno spazio chiuso)","No (No)","3"
"2021/03/23 10:01:47 PM EET","26","2","3","Maybe (Forse)","Le confezioni usa e getta. ","Purtroppo pieno di plastica","Sconvolta e anche in colpa","The worst things (Le cose peggiori)","To be in a crowd in a closed space (Trovarsi in mezzo alla folla in uno spazio chiuso)","Yes (Sì)","2"
"2021/03/23 10:04:03 PM EET","22","3","5","Maybe (Forse)","","","","The best things (Le cose migliori)","To be in a crowd in a closed space (Trovarsi in mezzo alla folla in uno spazio chiuso)","Yes, but only to have a nice experience without unconfortable feelings (Sì ma solo per avere esperienze senza sentimenti di disagio)","2"
"2021/03/23 10:04:26 PM EET","22 quasi 23","3","5","Yes (Sì)","Esistono delle aziende che vorrebbero usare la plastica riciclata per imballaggi se non sbaglio e fanno fatica a trovare materie prime di qualità. Sarebbe utile partire da cose come questa.","Non bene","Male","The best things (Le cose migliori)","To be in a crowd in a closed space (Trovarsi in mezzo alla folla in uno spazio chiuso)","Yes (Sì)","3"
"2021/03/23 10:05:14 PM EET","23","2","4","Yes (Sì)","Daily tools","Not a good future if the situation doesn't change","Angry","The best things (Le cose migliori)","passage and horizon blocked  (Passaggio e orizzonte ostruiti)","Yes (Sì)","4"
"2021/03/23 10:05:43 PM EET","26","4","5","Yes (Sì)","Qualcosa di utile","Puliti e popolati anche da flora e fauna in estinzione ","Disperata e con un senso di soffocamento ","The best things (Le cose migliori)","passage and horizon blocked  (Passaggio e orizzonte ostruiti)","Yes (Sì)","5"
"2021/03/23 10:05:54 PM EET","38","4","3","Maybe (Forse)","Bottiglie","Molto male","Male","The worst things (Le cose peggiori)","Other (Altro)","Yes (Sì)","1"
"2021/03/23 10:07:22 PM EET","23","5","5","Maybe (Forse)","Indumenti","Dipende da noi","Disperato","The best things (Le cose migliori)","Other (Altro)","Yes (Sì)","1"
"2021/03/23 10:10:01 PM EET","26","3","4","Maybe (Forse)","Utensili per la cucina ","Come oggi, se non peggio","Amareggiata","The best things (Le cose migliori)","To be in a crowd in a closed space (Trovarsi in mezzo alla folla in uno spazio chiuso)","Yes, but only to have a nice experience without unconfortable feelings (Sì ma solo per avere esperienze senza sentimenti di disagio)","1"
"2021/03/23 10:11:28 PM EET","23","3","4","Yes (Sì)","Giochi per bambini","Purtroppo, sempre più inquinato","Triste","The worst things (Le cose peggiori)","To be in a crowd in a closed space (Trovarsi in mezzo alla folla in uno spazio chiuso)","Yes (Sì)","3"
"2021/03/23 10:15:09 PM EET","26","3","5","Yes (Sì)","Bottiglie ","Poveri di pesci ","Male","The worst things (Le cose peggiori)","Other (Altro)","Yes (Sì)","1"
"2021/03/23 10:17:15 PM EET","26","2","5","Maybe (Forse)","Oggetti di design o il suo reimpiego nell’edilizia","Se non verranno prese misure adeguate, diventerà un’enorme discarica di rifiuti di vario genere ","Mi sentirei perso ","The worst things (Le cose peggiori)","To be in a crowd in a closed space (Trovarsi in mezzo alla folla in uno spazio chiuso)","Yes (Sì)","4"
"2021/03/23 10:17:18 PM EET","22","4","5","Yes (Sì)","The recycled plastic could be used for the 3D printer","I really hope that our oceans will be free from plastic, but to do that we have to clean them and also putting compulsory the recycling bin","I can feel uncomfortable ","The best things (Le cose migliori)","Other (Altro)","Yes (Sì)","3"
"2021/03/23 10:19:22 PM EET","25","3","4","Yes (Sì)","i would like to reuse plastic to make containers (bottles or such)","if we continue on this way they will probably very polluted and the life in them will be the totally ruined","disgusted","The best things (Le cose migliori)","To be in a crowd in a closed space (Trovarsi in mezzo alla folla in uno spazio chiuso)","Yes (Sì)","3"
"2021/03/23 10:24:32 PM EET","23","3","4","Yes (Sì)","Abiti, nuova plastica, oggetti di arredamento, oggetti di cancelleria","Drammatico se la situazione non viene migliorata","Snaturat*","The worst things (Le cose peggiori)","To be in a crowd in a closed space (Trovarsi in mezzo alla folla in uno spazio chiuso)","No (No)","3"
"2021/03/23 10:28:26 PM EET","23","2","4","Yes (Sì)","Probably, it could be used by the great Companies that produce plastic bottles (drink)","Probably we will see a decrement of some sea creatures","Guilty ","The worst things (Le cose peggiori)","To be in a crowd in a closed space (Trovarsi in mezzo alla folla in uno spazio chiuso)","Yes (Sì)","3"
"2021/03/23 10:30:02 PM EET","22","3","4","Yes (Sì)","Altri recipienti per ogni cosa in modo da avere un ciclo infinito","Puliti almeno per la maggior parte ","Smarrito ","The best things (Le cose migliori)","sensation of sound muffling (Sensazione di ovattamento sonoro)","Yes, but only to have a nice experience without unconfortable feelings (Sì ma solo per avere esperienze senza sentimenti di disagio)","3"
"2021/03/23 10:34:44 PM EET","25","1","4","Yes (Sì)","","","","The worst things (Le cose peggiori)","To be in a crowd in a closed space (Trovarsi in mezzo alla folla in uno spazio chiuso)","Yes (Sì)","3"
"2021/03/23 10:44:44 PM EET","29","4","5","Yes (Sì)","I rather say that I would like non recyclable plastic to be completely dismissed","Compromised","Helpless","The worst things (Le cose peggiori)","To be in a crowd in a closed space (Trovarsi in mezzo alla folla in uno spazio chiuso)","Yes (Sì)","3"
"2021/03/23 10:57:15 PM EET","29","3","5","Yes (Sì)","Contenitori per cibo- portafrutta - sacchetti per la spesa- ","Più pulito, per permettere alla flora e alla fauna marina, di mantenere in buona salute l'ecosistema ","","The best things (Le cose migliori)","To be in a crowd in a closed space (Trovarsi in mezzo alla folla in uno spazio chiuso)","Yes (Sì)","4"
"2021/03/23 10:59:39 PM EET","60","3","5","Yes (Sì)","Riutilizzo in campo energetico ","Pulito","Male","The worst things (Le cose peggiori)","Absence of horizon (Assenza di orizzonte)","Yes (Sì)","2"
"2021/03/23 11:08:16 PM EET","34","5","5","Yes (Sì)","Tutto ciò che si possa realizzare con la plastica riciclata per dargli infinita vita ","Inquinati al massimo!","Male ","The worst things (Le cose peggiori)","Absence of horizon (Assenza di orizzonte)","Yes, but only to have a nice experience without unconfortable feelings (Sì ma solo per avere esperienze senza sentimenti di disagio)","1"
"2021/03/23 11:14:00 PM EET","31","4","5","Yes (Sì)","Tutto","Devastato","Morto","The worst things (Le cose peggiori)","To be in a crowd in a closed space (Trovarsi in mezzo alla folla in uno spazio chiuso)","Yes (Sì)","2"
"2021/03/23 11:14:27 PM EET","29","3","5","Yes (Sì)","Qualsiasi cosa di riesca a fare","Non particolarmente roseo","Terrorizzato su diversi livelli","The worst things (Le cose peggiori)","To be in a crowd in a closed space (Trovarsi in mezzo alla folla in uno spazio chiuso)","Yes, but only to have a nice experience without unconfortable feelings (Sì ma solo per avere esperienze senza sentimenti di disagio)","1"
"2021/03/23 11:19:12 PM EET","34","3","4","Yes (Sì)","Oggetti di uso quotidiano","Spero piu puliti di oggi","Male","The worst things (Le cose peggiori)","sensation of sound muffling (Sensazione di ovattamento sonoro)","Yes (Sì)","2"
"2021/03/23 11:21:27 PM EET","23","3","4","Maybe (Forse)","Qualsiasi cosa che sia fattibile con questo materiale, l'importante è non sprecare appunto.","Aumento della plastica in mare.","A disagio.","The worst things (Le cose peggiori)","Absence of horizon (Assenza di orizzonte)","Yes, but only to have a nice experience without unconfortable feelings (Sì ma solo per avere esperienze senza sentimenti di disagio)","4"
"2021/03/23 11:26:23 PM EET","24","4","4","Yes (Sì)","","Sempre più colmo di rifiuti","soffocato","The worst things (Le cose peggiori)","sensation of sound muffling (Sensazione di ovattamento sonoro)","Yes (Sì)","5"
"2021/03/23 11:26:37 PM EET","34","4","5","Maybe (Forse)","Bottiglie","Non so se ci svegliamo magari qualche cosa si può fare ","Male","The best things (Le cose migliori)","Other (Altro)","Yes, but only to have a nice experience without unconfortable feelings (Sì ma solo per avere esperienze senza sentimenti di disagio)","3"
"2021/03/23 11:33:40 PM EET","34","5","3","Yes (Sì)","Abiti","Pulito","Male","The worst things (Le cose peggiori)","Other (Altro)","No (No)","4"
"2021/03/23 11:43:46 PM EET","35","5","5","Maybe (Forse)","Dispositivi medici","Non positivo","Dispiaciuto nei confronti della natura","The worst things (Le cose peggiori)","To be in a crowd in a closed space (Trovarsi in mezzo alla folla in uno spazio chiuso)","Yes (Sì)","4"
"2021/03/23 11:43:50 PM EET","24","4","4","Yes (Sì)","","Sempre più colmo di rifiuti","soffocato","The worst things (Le cose peggiori)","sensation of sound muffling (Sensazione di ovattamento sonoro)","Yes (Sì)","5"
"2021/03/23 11:44:50 PM EET","22","3","5","Maybe (Forse)","","","","The best things (Le cose migliori)","To be in a crowd in a closed space (Trovarsi in mezzo alla folla in uno spazio chiuso)","Yes, but only to have a nice experience without unconfortable feelings (Sì ma solo per avere esperienze senza sentimenti di disagio)","2"
"2021/03/23 11:59:35 PM EET","24","3","4","Maybe (Forse)","","","Terrible","The worst things (Le cose peggiori)","To be in a crowd in a closed space (Trovarsi in mezzo alla folla in uno spazio chiuso)","Yes (Sì)","5"
"2021/03/24 12:12:00 AM EET","27","4","5","Yes (Sì)","Oggetti di uso comune: sedie per bar, carrelli spesa, etc...","Non roseo, vedendo l'andazzo.","Male, schifata, triste.","The best things (Le cose migliori)","passage and horizon blocked  (Passaggio e orizzonte ostruiti)","Yes, but only to have a nice experience without unconfortable feelings (Sì ma solo per avere esperienze senza sentimenti di disagio)","3"
"2021/03/24 12:12:31 AM EET","30","4","2","I don't care (Non mi interessa)","Nulla","Pieno di plastica","Alla grande","The best things (Le cose migliori)","Absence of horizon (Assenza di orizzonte)","No (No)","1"
"2021/03/24 12:18:20 AM EET","27","3","5","Yes (Sì)","Giocattoli, flaconi di skincare o detersivi ","Spero più puliti ","Sola, costretta","The best things (Le cose migliori)","Other (Altro)","Yes, but only to have a nice experience without unconfortable feelings (Sì ma solo per avere esperienze senza sentimenti di disagio)","4"
"2021/03/24 12:18:25 AM EET","27","2","4","Maybe (Forse)","Vestiti","Non roseo ","Imprigionato ","The best things (Le cose migliori)","Absence of horizon (Assenza di orizzonte)","Yes (Sì)","4"
"2021/03/24 12:25:57 AM EET","27","2","3","Yes (Sì)","oggetti per la casa scarpe abiti","spero meno inquinato","","The worst things (Le cose peggiori)","To be in a crowd in a closed space (Trovarsi in mezzo alla folla in uno spazio chiuso)","Yes (Sì)","2"
"2021/03/24 12:30:58 AM EET","32","3","4","Yes (Sì)","Qualunque cosa si possa fare","Sempre più pieni di spazzatura ","Triste e in colpa","The worst things (Le cose peggiori)","To be in a crowd in a closed space (Trovarsi in mezzo alla folla in uno spazio chiuso)","Yes (Sì)","5"
"2021/03/24 12:49:23 AM EET","34","5","5","Yes (Sì)","Tutto ciò che si possa realizzare con la plastica riciclata per dargli infinita vita ","Inquinati al massimo!","Male ","The worst things (Le cose peggiori)","Absence of horizon (Assenza di orizzonte)","Yes, but only to have a nice experience without unconfortable feelings (Sì ma solo per avere esperienze senza sentimenti di disagio)","1"
"2021/03/24 1:37:07 AM EET","29","5","4","Maybe (Forse)","Se se guarda ad un futuro elettrico per le auto e quindi non ad alta velocità, perché non ipotizzare delle carrozzerie per auto, leggere ed a basso impatto ambientale.","Se continua così sempre più inquinati. ","Sicuramente proverei una sensazione di disagio e tristezza allo stesso tempo. ","The worst things (Le cose peggiori)","To be in a crowd in a closed space (Trovarsi in mezzo alla folla in uno spazio chiuso)","Yes (Sì)","3"
"2021/03/24 6:47:35 AM EET","38","3","5","Yes (Sì)","Prodotti non alimentari","Pessimo","Malissimo","The worst things (Le cose peggiori)","Other (Altro)","Yes (Sì)","5"
"2021/03/24 7:10:27 AM EET","70","5","5","Yes (Sì)","Giochi per  bambini ","Puliti","Sporca","The best things (Le cose migliori)","Other (Altro)","No (No)","5"
"2021/03/24 7:48:36 AM EET","30","1","5","Maybe (Forse)","Bottiglie, indumenti, utensili da cucina e tutto quello che è possibile fare","Dipende da come ci comportiamo. ","Arrabbiata","The worst things (Le cose peggiori)","To be in a crowd in a closed space (Trovarsi in mezzo alla folla in uno spazio chiuso)","Yes (Sì)","2"
"2021/03/24 8:25:40 AM EET","27","4","5","Yes (Sì)","Il maggior numero di cose","Senza pesce ","Colpevole","The best things (Le cose migliori)","sensation of sound muffling (Sensazione di ovattamento sonoro)","Yes (Sì)","3"
"2021/03/24 8:47:44 AM EET","30","4","5","Yes (Sì)","Strumenti che possano durare negli anni, no usa e getta","Se contininuiamo così, l'oceano Pacifico diventerà un nuovo continente fatto di rifiuti","Disagiato","The best things (Le cose migliori)","sensation of sound muffling (Sensazione di ovattamento sonoro)","Yes (Sì)","5"
"2021/03/24 8:49:52 AM EET","27","3","5","Yes (Sì)","Oggetti di uso quotidiano(es. Elettrodomestici)","Tossico per gli uomini e per la natura.","Arrabbiata","The worst things (Le cose peggiori)","passage and horizon blocked  (Passaggio e orizzonte ostruiti)","No (No)","4"
"2021/03/24 9:33:00 AM EET","24","5","5","Maybe (Forse)","Plastic composite bricks can be useful for construction purpose.","Big Corporates dump their wastes near the oceans of poor countries. They target poor countries because they won't patrol regularly and it's very convenient for them to dispose their waste avoiding any formalities and unnecessary questions. Please research into this topic to gather more information about e-wastes and plastics. 
https://ourworld.unu.edu/en/toxic-e-waste-dumped-in-poor-nations-says-united-nations 

https://www.pri.org/stories/2016-01-13/5-countries-dump-more-plastic-oceans-rest-world-combined?amp","","The best things (Le cose migliori)","To be in a crowd in a closed space (Trovarsi in mezzo alla folla in uno spazio chiuso)","Yes (Sì)","4"
"2021/03/24 9:41:52 AM EET","51","5","4","Maybe (Forse)","","In miglioramento se controllati","Impotente","The best things (Le cose migliori)","Other (Altro)","No (No)","4"
"2021/03/24 10:08:17 AM EET","32","2","3","Yes (Sì)","Non saprei ","Sempre più inquinato","Male","The worst things (Le cose peggiori)","Other (Altro)","No (No)","3"
"2021/03/24 10:09:47 AM EET","25","3","3","Maybe (Forse)","","Come ora","","The worst things (Le cose peggiori)","Absence of horizon (Assenza di orizzonte)","Yes (Sì)","2"
"2021/03/24 10:16:28 AM EET","59","4","5","Maybe (Forse)","Fare studi per sostituire tutto cio che e' inutilmente utilizzato con la plastica e Realizzare impianti che possano riciclare la plastica per sostituire altri materiali inquinanti","Inquinati di tutto ciò  l' uomo non riesca a smaltire","Alla deriva senza alcuna possibilita di sopravvivenza","The best things (Le cose migliori)","Other (Altro)","Yes (Sì)","3"
"2021/03/24 10:29:16 AM EET","60","5","5","Yes (Sì)","Automobili","Pulito","Male","The best things (Le cose migliori)","To be in a crowd in a closed space (Trovarsi in mezzo alla folla in uno spazio chiuso)","Yes (Sì)","3"
"2021/03/24 10:44:45 AM EET","31","4","5","Yes (Sì)","Tutto ciò che è possibile","Non ne ho idea, in questo momento ho molta paura per il futuro del nostro mondo e di tutte le specie viventi","Uno schifo, come il risultato dell’operato del genere umano","The best things (Le cose migliori)","Other (Altro)","Yes, but only to have a nice experience without unconfortable feelings (Sì ma solo per avere esperienze senza sentimenti di disagio)","5"
"2021/03/24 11:06:22 AM EET","26","4","5","Yes (Sì)","Involucri e confezioni di prodotti per la cura della persona","Poco limpido","Galleggiante","The best things (Le cose migliori)","To be in a crowd in a closed space (Trovarsi in mezzo alla folla in uno spazio chiuso)","Yes (Sì)","2"
"2021/03/24 12:01:15 PM EET","31","4","5","Yes (Sì)","Energia","Terribile se non cambia qualcosa oggi","Sopraffatto","The worst things (Le cose peggiori)","sensation of sound muffling (Sensazione di ovattamento sonoro)","Yes (Sì)","4"
"2021/03/24 12:18:19 PM EET","28","5","5","Maybe (Forse)","Oggetti che possano essere a loro volta riciclati ","Non credo che il problema si riuscirà a risolvere facilmente, non vedo un futuro roseo, non nell'immediato almeno","Male","The worst things (Le cose peggiori)","To be in a crowd in a closed space (Trovarsi in mezzo alla folla in uno spazio chiuso)","Yes (Sì)","3"
"2021/03/24 12:29:56 PM EET","28","3","5","Yes (Sì)","","Ripuliti","Arrabbiata","The best things (Le cose migliori)","To be in a crowd in a closed space (Trovarsi in mezzo alla folla in uno spazio chiuso)","Yes (Sì)","4"
"2021/03/24 12:36:15 PM EET","33","5","5","No (No)","Arredamento interni, automobili, barche, arredo urbano e tanto altro","Peggio di così se non interveniamo subito","Perso","The best things (Le cose migliori)","Other (Altro)","Yes (Sì)","5"
"2021/03/24 12:48:15 PM EET","27","3","5","Yes (Sì)","Giocattoli, flaconi di skincare o detersivi ","Spero più puliti ","Sola, costretta","The best things (Le cose migliori)","Other (Altro)","Yes, but only to have a nice experience without unconfortable feelings (Sì ma solo per avere esperienze senza sentimenti di disagio)","4"
"2021/03/24 12:52:49 PM EET","25","4","4","Yes (Sì)","","","","The worst things (Le cose peggiori)","sensation of sound muffling (Sensazione di ovattamento sonoro)","Yes (Sì)","3"
"2021/03/24 1:02:28 PM EET","27","2","4","Maybe (Forse)","Vestiti","Non roseo ","Imprigionato ","The best things (Le cose migliori)","Absence of horizon (Assenza di orizzonte)","Yes (Sì)","4"
"2021/03/24 1:05:19 PM EET","26","4","5","Yes (Sì)","Oggetti di tutti i tipi ","Piuttosto drammatico, se non cambiano le cose. ","Molto probabilmente mi sentirei disgustata","The worst things (Le cose peggiori)","passage and horizon blocked  (Passaggio e orizzonte ostruiti)","Yes (Sì)","4"
"2021/03/24 1:12:09 PM EET","24","4","4","Yes (Sì)","Dispositivi informatici","","In ansia","The best things (Le cose migliori)","Absence of horizon (Assenza di orizzonte)","Yes (Sì)","2"
"2021/03/24 1:15:18 PM EET","54","5","5","Yes (Sì)","Indumenti, altri oggetti di uso comunebrutto","Brutto","Una persona brutta","The worst things (Le cose peggiori)","Other (Altro)","No (No)","5"
"2021/03/24 1:15:24 PM EET","59","5","5","Yes (Sì)","Indumenti, altri oggetti di uso comune","Brutto","Spaesato","The worst things (Le cose peggiori)","To be in a crowd in a closed space (Trovarsi in mezzo alla folla in uno spazio chiuso)","No (No)","1"
"2021/03/24 1:29:39 PM EET","21","5","5","Yes (Sì)","","","","The worst things (Le cose peggiori)","To be in a crowd in a closed space (Trovarsi in mezzo alla folla in uno spazio chiuso)","Yes (Sì)","4"
"2021/03/24 1:39:22 PM EET","22","4","5","Yes (Sì)","Bottles, pen, bags,...","I hope they could be clean. But most propably they will be really dirty.","It would be a nice experience in order to realice the real problem.","The worst things (Le cose peggiori)","To be in a crowd in a closed space (Trovarsi in mezzo alla folla in uno spazio chiuso)","Yes (Sì)","5"
"2021/03/24 1:39:31 PM EET","23","4","4","Yes (Sì)","Oggetti per gli studenti! ","Male... ","Oppressa e spaventata ","The worst things (Le cose peggiori)","passage and horizon blocked  (Passaggio e orizzonte ostruiti)","Yes (Sì)","3"
"2021/03/24 1:44:43 PM EET","25","4","3","Yes (Sì)","Road","Worse","Irritated","The worst things (Le cose peggiori)","Im not Claustrophobia","Yes (Sì)","2"
"2021/03/24 1:47:11 PM EET","23","4","5","Yes (Sì)","Building parts (brocs...)","","","The best things (Le cose migliori)","To be in a crowd in a closed space (Trovarsi in mezzo alla folla in uno spazio chiuso)","Yes (Sì)","3"
"2021/03/24 2:06:02 PM EET","27","4","5","Yes (Sì)","Tutto","Non buono ","A disagio","The worst things (Le cose peggiori)","sensation of sound muffling (Sensazione di ovattamento sonoro)","Yes (Sì)","5"
"2021/03/24 2:15:49 PM EET","21","2","5","Maybe (Forse)","Mats, shopping bags","Worse if people do not take it seriously","","The worst things (Le cose peggiori)","To be in a crowd in a closed space (Trovarsi in mezzo alla folla in uno spazio chiuso)","No (No)","1"
"2021/03/24 2:16:42 PM EET","62","5","5","Yes (Sì)","Oggetti quodidiani riciclabili.","Letale","Disperato","The best things (Le cose migliori)","passage and horizon blocked  (Passaggio e orizzonte ostruiti)","Yes (Sì)","2"
"2021/03/24 2:32:40 PM EET","71","5","5","Yes (Sì)","case, mobili","mi auguro liberi da plastica","a galla","The best things (Le cose migliori)","To be in a crowd in a closed space (Trovarsi in mezzo alla folla in uno spazio chiuso)","No (No)","1"
"2021/03/24 2:34:55 PM EET","68","5","5","Yes (Sì)","Cose utili per la nostra vita quotidiana","Non lo vedo bene il futuro degli oceani se si continua ad inquinare i mari","Vorrei scappare ....","The best things (Le cose migliori)","To be in a crowd in a closed space (Trovarsi in mezzo alla folla in uno spazio chiuso)","Yes, but only to have a nice experience without unconfortable feelings (Sì ma solo per avere esperienze senza sentimenti di disagio)","4"
"2021/03/24 2:34:58 PM EET","25","5","5","Maybe (Forse)","Everyday objects","I imagine an untouchable and cleaned ocean","Stuck and oppressed ","The worst things (Le cose peggiori)","passage and horizon blocked  (Passaggio e orizzonte ostruiti)","Yes (Sì)","4"
"2021/03/24 2:37:29 PM EET","25","5","5","Yes (Sì)","Condom ","Più acqua e plastica, meno pesci","Assolato disidratato","The worst things (Le cose peggiori)","Uno spazio che si restringe","Yes (Sì)","5"
"2021/03/24 2:46:00 PM EET","79","5","5","Yes (Sì)","I bicchieri e bottiglia ","Pulito","Male","The worst things (Le cose peggiori)","Absence of horizon (Assenza di orizzonte)","Yes (Sì)","4"
"2021/03/24 2:46:42 PM EET","41","5","5","Yes (Sì)","Non so","Pieni di plastica se non ci diamo una regolata ","Male","The best things (Le cose migliori)","sensation of sound muffling (Sensazione di ovattamento sonoro)","Yes (Sì)","3"
"2021/03/24 3:03:25 PM EET","23","5","5","Yes (Sì)","","","","The best things (Le cose migliori)","sensation of sound muffling (Sensazione di ovattamento sonoro)","Yes (Sì)","5"
"2021/03/24 3:12:07 PM EET","24","5","5","Yes (Sì)","Qualsiasi oggetto che si possa produrre con plastica riciclata andrebbe bene","Sempre più inquinato","Morto","The worst things (Le cose peggiori)","To be in a crowd in a closed space (Trovarsi in mezzo alla folla in uno spazio chiuso)","Yes (Sì)","5"
"2021/03/24 3:20:50 PM EET","69","5","5","Yes (Sì)","Pulire in modo concreto le spiagge","Se si continua ad ignorare il problema sempre peggio","Una nullità ","The best things (Le cose migliori)","To be in a crowd in a closed space (Trovarsi in mezzo alla folla in uno spazio chiuso)","No (No)","5"
"2021/03/24 3:25:38 PM EET","52","3","5","Yes (Sì)","Oggetti importanti","Pulito","Male","The worst things (Le cose peggiori)","To be in a crowd in a closed space (Trovarsi in mezzo alla folla in uno spazio chiuso)","Yes (Sì)","2"
"2021/03/24 3:54:20 PM EET","24","3","5","Yes (Sì)","Arredi","Il più pulito possibile ","Disorientato ","The best things (Le cose migliori)","To be in a crowd in a closed space (Trovarsi in mezzo alla folla in uno spazio chiuso)","Yes (Sì)","1"
"2021/03/24 4:40:18 PM EET","70","5","5","Yes (Sì)","Qualunque cosa","Pulito","Perso","The best things (Le cose migliori)","To be in a crowd in a closed space (Trovarsi in mezzo alla folla in uno spazio chiuso)","No (No)","1"
"2021/03/24 5:04:59 PM EET","69","4","5","Yes (Sì)","Anche cose di uso comune che sicuramente contribuirebbe a riciclare tantissima plastica","Se non non c'è una rapida inversione di tendenza l vedo nera.","Non lo voglio nenche pensare e spero che non accada","The worst things (Le cose peggiori)","To be in a crowd in a closed space (Trovarsi in mezzo alla folla in uno spazio chiuso)","No (No)","1"
"2021/03/24 5:10:33 PM EET","72","5","5","Yes (Sì)","Altra plastica","Migliore ","Perso","The best things (Le cose migliori)","To be in a crowd in a closed space (Trovarsi in mezzo alla folla in uno spazio chiuso)","No (No)","2"
"2021/03/24 5:27:20 PM EET","33","4","5","Yes (Sì)","Tutto","Se la situazione non cambia, l'immagino molto tragico ","carico di rabbia e triste","The worst things (Le cose peggiori)","To be in a crowd in a closed space (Trovarsi in mezzo alla folla in uno spazio chiuso)","Yes, but only to have a nice experience without unconfortable feelings (Sì ma solo per avere esperienze senza sentimenti di disagio)","3"
"2021/03/24 5:43:25 PM EET","22","4","5","Yes (Sì)","","Male, lo immagino moolto male ","Angosciato, schifato ","The worst things (Le cose peggiori)","To be in a crowd in a closed space (Trovarsi in mezzo alla folla in uno spazio chiuso)","Yes (Sì)","4"
"2021/03/24 5:50:30 PM EET","34","3","5","Yes (Sì)","","","","The worst things (Le cose peggiori)","Absence of horizon (Assenza di orizzonte)","No (No)","3"
"2021/03/24 6:24:15 PM EET","27","2","3","Yes (Sì)","Oggetti di uso comune, in ambito domestico e non","Immagino i nostri oceani sempre più inquinati, con grave danno per flora e fauna marine","In trappola","The worst things (Le cose peggiori)","To be in a crowd in a closed space (Trovarsi in mezzo alla folla in uno spazio chiuso)","Yes (Sì)","4"
"2021/03/24 7:02:31 PM EET","42","2","5","Yes (Sì)","soprammobili oggettistica varia ","spero migliore di ora ","arrabbiata e triste ","The best things (Le cose migliori)","passage and horizon blocked  (Passaggio e orizzonte ostruiti)","Yes (Sì)","3"
"2021/03/24 7:09:14 PM EET","68","3","5","Yes (Sì)","Oggettistica","Spero migliore ","Male","The best things (Le cose migliori)","To be in a crowd in a closed space (Trovarsi in mezzo alla folla in uno spazio chiuso)","Yes (Sì)","4"
"2021/03/24 7:34:34 PM EET","35","2","5","Yes (Sì)","","sporco","male","The best things (Le cose migliori)","passage and horizon blocked  (Passaggio e orizzonte ostruiti)","Yes (Sì)","4"
"2021/03/24 7:51:20 PM EET","14","3","4","Yes (Sì)","","","","The worst things (Le cose peggiori)","To be in a crowd in a closed space (Trovarsi in mezzo alla folla in uno spazio chiuso)","Yes (Sì)","5"
"2021/03/24 7:56:31 PM EET","14","4","5","Yes (Sì)","I quaderni e i libri","Credo che continuando così non ci sarà nessun oceano nel quale non siano presenti tonnellate di plastica che causeranno la fine di innumerevoli specie animali con la conseguente fine della vita marina ","Profondamente indignato poiché coloro che dovevano garantirci un futuro migliore l’hanno solo peggiorato","The worst things (Le cose peggiori)","passage and horizon blocked  (Passaggio e orizzonte ostruiti)","Yes (Sì)","1"
"2021/03/24 7:56:40 PM EET","22","3","5","Yes (Sì)","Both practical stuff, eg. food containers, as well as things that can move people opinion (art installations, sculptures, toys for kids living in poverty, etc.)","If we do not do something for them, not splendid. I imagine we will reach the point when the large plastic island become so damaging that they will become common knwoledge and a threat that people will feel more real; sadly, that moment would probably come after the point of no return.","Disgusted. Powerless. Probably guilty, since we all made mistakes in our life, none of us had a perfect zero-plastic life from infancy, we all had an impact on this problem.","The best things (Le cose migliori)","To be in a crowd in a closed space (Trovarsi in mezzo alla folla in uno spazio chiuso)","Yes (Sì)","5"
"2021/03/24 7:58:01 PM EET","I'm 14 years old","3","5","Yes (Sì)","I don't know. ","I imagine that our oceans will be full of plastic. ","I would feel impressed for its dimension. ","The worst things (Le cose peggiori)","To be in a crowd in a closed space (Trovarsi in mezzo alla folla in uno spazio chiuso)","Yes (Sì)","4"
"2021/03/24 8:00:34 PM EET","14","4","3","Maybe (Forse)","Non ni viene nulla in mente","Una vasta discarica a cielo aperto","Mi sentirei abbastanza divertito nel vedere la distruzione causata dall'uomo uccidere /intrappolare un altro uomo","The worst things (Le cose peggiori)","Absence of horizon (Assenza di orizzonte)","Yes (Sì)","5"
"2021/03/24 8:08:16 PM EET","14 years old","4","3","Maybe (Forse)","Plastic can be recycled in order to make a ton of stuff, it would take days to name them all, from simple pots to amazing artistic creations made from plastic","Unfortunately, I'm not sure of if the oceans will change drastically. There's too much people in our world to warn them all of the damage that we're dealing","I already get disgusted at seeing a piece of plastic just floating about in the surface of the water, but seeing an entire plain of them would make me vomit","The worst things (Le cose peggiori)","sensation of sound muffling (Sensazione di ovattamento sonoro)","Yes, but only to have a nice experience without unconfortable feelings (Sì ma solo per avere esperienze senza sentimenti di disagio)","3"
"2021/03/24 8:19:41 PM EET","14 ","3","5","Maybe (Forse)","Oggetti utili di utilizzo quotidiano ","Ho paura che la flora e la fauna oceanica, ma anche in generale quella marina possa finire per estinguersi a causa delle morti della fauna dovute all’inquinamento della plastica ","","The best things (Le cose migliori)","Luoghi al chiuso molto stretti e con molte persone al loro interno","Yes (Sì)","5"
"2021/03/24 8:20:10 PM EET","26","3","5","Yes (Sì)","","Se la situazione non dovesse cambiare, lo immaginerei sicuramente non pulito. ","Triste","The worst things (Le cose peggiori)","To be in a crowd in a closed space (Trovarsi in mezzo alla folla in uno spazio chiuso)","Yes, but only to have a nice experience without unconfortable feelings (Sì ma solo per avere esperienze senza sentimenti di disagio)","3"
"2021/03/24 8:46:30 PM EET","29","3","5","Yes (Sì)","Vestiti, stoviglie, bottiglie, mezzi di trasporto ","Critico, se non ci impegniamo a cambiare le cose da subito. ","Triste e sofferente. ","The worst things (Le cose peggiori)","Absence of horizon (Assenza di orizzonte)","Yes (Sì)","4"
"2021/03/24 8:59:42 PM EET","52","3","5","Yes (Sì)","Materiali per l'edilizia","Come ora","Triste","The best things (Le cose migliori)","To be in a crowd in a closed space (Trovarsi in mezzo alla folla in uno spazio chiuso)","No (No)","1"
"2021/03/24 9:04:30 PM EET","29","3","5","Yes (Sì)","Cose utili per la vita quotidiana ","Pessimo","Disgustata ","The worst things (Le cose peggiori)","To be in a crowd in a closed space (Trovarsi in mezzo alla folla in uno spazio chiuso)","Yes (Sì)","5"
"2021/03/24 9:14:36 PM EET","23","5","5","Maybe (Forse)","Indumenti","Dipende da noi","Disperato","The best things (Le cose migliori)","Other (Altro)","Yes (Sì)","1"
"2021/03/24 10:13:37 PM EET","24","5","5","Yes (Sì)","Cose che magari potrebbero essere utilizzate negli oceani stessi senza danneggiare l'ambiente e la flora e la fauna","Un futuro migliore rispetto alla situazione attuale","Sensibilmente a disagio ","The best things (Le cose migliori)","Percezione di ciò che mi circonda","Yes (Sì)","5"
"2021/03/24 10:27:43 PM EET","34","4","5","Yes (Sì)","Ridurre a zero la produzione di plastica ","Se non cambiamo atteggiamento, temo ci sarà più plastica che pesce nell'oceano","Mi sentirei soffocare","The worst things (Le cose peggiori)","To be in a crowd in a closed space (Trovarsi in mezzo alla folla in uno spazio chiuso)","Yes, but only to have a nice experience without unconfortable feelings (Sì ma solo per avere esperienze senza sentimenti di disagio)","3"
"2021/03/24 11:48:27 PM EET","23","3","5","Yes (Sì)","Non so","Brutto continuando così ","Male","The worst things (Le cose peggiori)","To be in a crowd in a closed space (Trovarsi in mezzo alla folla in uno spazio chiuso)","Yes (Sì)","1"
"2021/03/24 11:52:06 PM EET","29","3","4","Yes (Sì)","Mi piacerebbe venisse riutilizzata per imballaggi, per la parte esterna (o accessori) degli elettrodomestici o anche alcune parti della casa (es. tapparelle). ","Al momento, in serio pericolo. ","In colpa per quello che stiamo infliggendo al pianeta e alla fauna acquatica. ","The worst things (Le cose peggiori)","passage and horizon blocked  (Passaggio e orizzonte ostruiti)","Yes (Sì)","4"
"2021/03/25 12:20:11 AM EET","40","3","4","Yes (Sì)","Oggetti che abbiano una lunga vita ","Migliore","Smarrito","The best things (Le cose migliori)","To be in a crowd in a closed space (Trovarsi in mezzo alla folla in uno spazio chiuso)","Yes (Sì)","2"
"2021/03/25 12:26:54 AM EET","28","4","5","Yes (Sì)","Accessori di uso comune tipo smartphone, biro, occhiali, ecc..","Immagino un futuro sano, diverso ma sano. ","Mi sentirei sporco","The best things (Le cose migliori)","sensation of sound muffling (Sensazione di ovattamento sonoro)","Yes, but only to have a nice experience without unconfortable feelings (Sì ma solo per avere esperienze senza sentimenti di disagio)","1"
"2021/03/25 12:29:29 AM EET","28","4","5","Maybe (Forse)","Contenitori che possano sostituire il packaging","Non ho idea, credo che il tempo della natura sia infinitamente più grande di quello dell'uomo, quindi la natura risorgerà ","Male","The best things (Le cose migliori)","sensation of sound muffling (Sensazione di ovattamento sonoro)","Yes (Sì)","5"
"2021/03/25 12:32:57 AM EET","46","4","5","Yes (Sì)","Mobili da giardino, gadgets, scarpe, contenitori cari, ovunque ci sia plastica non necessariamente a contatto con il cibo","Ho la speranza che possa tornare a essere un futuro di oceani puliti","Che schifo!!!","The worst things (Le cose peggiori)","passage and horizon blocked  (Passaggio e orizzonte ostruiti)","Yes, but only to have a nice experience without unconfortable feelings (Sì ma solo per avere esperienze senza sentimenti di disagio)","1"
"2021/03/25 12:52:06 AM EET","36","4","5","Yes (Sì)","Tutto ciò che è attualmente in plastica ","Risposta da sognatrice: libero dalla plastica. Risposta da pessimista / realista: studi dicono che continuando con il business as usual, nel 2050 ci sarà più plastica che pesci ","Nauseata ","The worst things (Le cose peggiori)","passage and horizon blocked  (Passaggio e orizzonte ostruiti)","","5"
"2021/03/25 12:57:06 AM EET","25","1","5","Maybe (Forse)","Lo stretto necessario ","Se si continua così, lo immagino molto brutto ","Male ","The worst things (Le cose peggiori)","To be in a crowd in a closed space (Trovarsi in mezzo alla folla in uno spazio chiuso)","Yes (Sì)","4"
"2021/03/25 1:09:28 AM EET","70","5","5","Yes (Sì)","Vietare la produzione ","Drammatico ","Un mostro ","The best things (Le cose migliori)","passage and horizon blocked  (Passaggio e orizzonte ostruiti)","Yes (Sì)","5"
"2021/03/25 1:09:47 AM EET","40","4","5","Yes (Sì)","Mobile phone","In pericolo","Malissimo","The worst things (Le cose peggiori)","Absence of horizon (Assenza di orizzonte)","No (No)","1"
"2021/03/25 1:30:54 AM EET","31","3","5","Yes (Sì)","Scarpe","Immagino che gli oceani siano limpidi e cristallini in modo da non gravare sulla flora e la fauna marina","Mi sentirei soffocare","The best things (Le cose migliori)","passage and horizon blocked  (Passaggio e orizzonte ostruiti)","Yes (Sì)","5"
"2021/03/25 1:38:14 AM EET","35","3","5","Yes (Sì)","","Puliti ","","The best things (Le cose migliori)","To be in a crowd in a closed space (Trovarsi in mezzo alla folla in uno spazio chiuso)","Yes (Sì)","4"
"2021/03/25 4:52:04 AM EET","35","4","5","Maybe (Forse)","Household consumer goods ","Tragic!","I would feel like a turd!!","The worst things (Le cose peggiori)","sensation of sound muffling (Sensazione di ovattamento sonoro)","Yes (Sì)","4"
"2021/03/25 7:10:12 AM EET","70","5","5","Yes (Sì)","Vietare la produzione ","Drammatico ","Un mostro ","The best things (Le cose migliori)","passage and horizon blocked  (Passaggio e orizzonte ostruiti)","Yes (Sì)","5"
"2021/03/25 8:33:26 AM EET","33","3","4","Yes (Sì)","Costruzioni","Un habitat naturale non inquinato ","Incredula, ma capirei dal vivo questo grave danno ambientale ","The worst things (Le cose peggiori)","Trovarsi in mezzo ad una folla, anche all'aperto, senza via d'uscita","Yes (Sì)","3"
"2021/03/25 8:34:54 AM EET","36","4","5","Yes (Sì)","Altri prodotti","Disastrosa se non si fa qualcosa","In mezzo alla spazzatura","The worst things (Le cose peggiori)","To be in a crowd in a closed space (Trovarsi in mezzo alla folla in uno spazio chiuso)","Yes, but only to have a nice experience without unconfortable feelings (Sì ma solo per avere esperienze senza sentimenti di disagio)","3"
"2021/03/25 8:43:13 AM EET","34","4","4","Yes (Sì)","Ogni tipo di imballaggio, ma anche alcuni giocattoli","Purtroppo non roseo","Malissimo!","The worst things (Le cose peggiori)","To be in a crowd in a closed space (Trovarsi in mezzo alla folla in uno spazio chiuso)","Yes (Sì)","5"
"2021/03/25 9:11:44 AM EET","30","4","5","Yes (Sì)","","Temo che la situazione peggiorerà sempre di più se non si interviene","Malissimo e in colpa","The worst things (Le cose peggiori)","passage and horizon blocked  (Passaggio e orizzonte ostruiti)","Yes (Sì)","4"
"2021/03/25 9:49:44 AM EET","29","4","4","Yes (Sì)","More houseware","Not good","Horrified","The worst things (Le cose peggiori)","passage and horizon blocked  (Passaggio e orizzonte ostruiti)","Yes (Sì)","5"
"2021/03/25 9:51:08 AM EET","29","3","4","Maybe (Forse)","All food packages","Difficult","Breathless","The worst things (Le cose peggiori)","passage and horizon blocked  (Passaggio e orizzonte ostruiti)","Yes (Sì)","3"
"2021/03/25 9:56:22 AM EET","29","3","5","Yes (Sì)","","Pessimo, privi di vita","Colpevole, perché vedrei qualcosa di estremamente bello rovinato dall'incapacità dell'uomo di preoccuparsi (in tempo) delle proprie azioni","The worst things (Le cose peggiori)","To be in a crowd in a closed space (Trovarsi in mezzo alla folla in uno spazio chiuso)","Yes (Sì)","3"
"2021/03/25 10:13:01 AM EET","33","4","5","Yes (Sì)","","","","The worst things (Le cose peggiori)","Absence of horizon (Assenza di orizzonte)","Yes (Sì)","3"
"2021/03/25 11:39:28 AM EET","31","3","5","Yes (Sì)","Scarpe","Immagino che gli oceani siano limpidi e cristallini in modo da non gravare sulla flora e la fauna marina","Mi sentirei soffocare","The best things (Le cose migliori)","passage and horizon blocked  (Passaggio e orizzonte ostruiti)","Yes (Sì)","5"
"2021/03/25 12:15:58 PM EET","24","4","5","Yes (Sì)","Every sort of useful tools","a bright future","Probably, I would feel ashamed about our indifference toward environment's issues","The best things (Le cose migliori)","Absence of horizon (Assenza di orizzonte)","Yes (Sì)","1"
"2021/03/25 12:20:45 PM EET","19","3","5","Yes (Sì)","Le confezioni di tutti i prodotti al supermercato","Pessimo","","The worst things (Le cose peggiori)","To be in a crowd in a closed space (Trovarsi in mezzo alla folla in uno spazio chiuso)","Yes (Sì)","5"
"2021/03/25 1:27:15 PM EET","34","2","4","Yes (Sì)","Contenitori, bottiglie, ...","Tristi e deserti se si continua così ","Spaventato","The worst things (Le cose peggiori)","To be in a crowd in a closed space (Trovarsi in mezzo alla folla in uno spazio chiuso)","Yes (Sì)","2"
"2021/03/25 1:45:32 PM EET","40","5","5","Yes (Sì)","Altra plastica","Non buono","Sporco","The worst things (Le cose peggiori)","To be in a crowd in a closed space (Trovarsi in mezzo alla folla in uno spazio chiuso)","No (No)","3"
"2021/03/25 1:49:34 PM EET","35","3","4","Maybe (Forse)","Indumenti","Triste","Male","The worst things (Le cose peggiori)","passage and horizon blocked  (Passaggio e orizzonte ostruiti)","Yes (Sì)","3"
"2021/03/25 2:24:04 PM EET","61","3","5","Yes (Sì)","Non saprei","Molto più pulito, non soltanto dalla plastica.","Sicuramente non bene.","The worst things (Le cose peggiori)","To be in a crowd in a closed space (Trovarsi in mezzo alla folla in uno spazio chiuso)","Yes (Sì)","1"
"2021/03/25 3:16:41 PM EET","33","3","3","Yes (Sì)","Contenitori ","Pessimo ","Male ","The worst things (Le cose peggiori)","To be in a crowd in a closed space (Trovarsi in mezzo alla folla in uno spazio chiuso)","Yes (Sì)","4"
"2021/03/25 3:50:24 PM EET","30","3","5","Yes (Sì)","Oggetti comuni di uso quotidiano (come per la cucina o l'igiene personale).","Difficile immaginare una prospettiva ottimista. Nonostante la graduale maggiore consapevolezza del problema, credo che siamo ancora lontani da una soluzione globale.","Sentirei angoscia, tristezza, tanta rabbia. E un profondo senso di impotenza.","The worst things (Le cose peggiori)","To be in a crowd in a closed space (Trovarsi in mezzo alla folla in uno spazio chiuso)","Yes (Sì)","2"
"2021/03/25 3:52:13 PM EET","40","4","5","Yes (Sì)","","","Disgustata ","The worst things (Le cose peggiori)","To be in a crowd in a closed space (Trovarsi in mezzo alla folla in uno spazio chiuso)","Yes (Sì)","3"
"2021/03/25 5:41:08 PM EET","37","4","4","Yes (Sì)","Oggetti di uso quotidiano","Spero migliorino","Molto male","The best things (Le cose migliori)","passage and horizon blocked  (Passaggio e orizzonte ostruiti)","Yes (Sì)","2"
"2021/03/25 10:40:47 PM EET","24","4","4","Maybe (Forse)","","","","The best things (Le cose migliori)","To be in a crowd in a closed space (Trovarsi in mezzo alla folla in uno spazio chiuso)","Yes (Sì)","4"
"2021/03/25 11:49:53 PM EET","22","3","3","Yes (Sì)","","","","The worst things (Le cose peggiori)","passage and horizon blocked  (Passaggio e orizzonte ostruiti)","Yes (Sì)","1"
"2021/03/26 9:59:33 AM EET","19","3","5","Yes (Sì)","Tutto","Meno inquinati","In una discarica","The best things (Le cose migliori)","Absence of horizon (Assenza di orizzonte)","Yes (Sì)","5"
"2021/03/26 10:54:55 AM EET","23","4","4","Yes (Sì)","Pretty much every package","I'm optimistic about the fact that in the future there will be less plastic thrown away in the ocean, but i know that is quiet impossible to pick up the plastic that is already there","Uncomfortable and sad","The worst things (Le cose peggiori)","sensation of sound muffling (Sensazione di ovattamento sonoro)","Yes (Sì)","5"
"2021/03/26 12:29:24 PM EET","23","3","5","Yes (Sì)","Something lastful, that is not disposable","Hopefully brighter","Guilty","The worst things (Le cose peggiori)","To be in a crowd in a closed space (Trovarsi in mezzo alla folla in uno spazio chiuso)","Yes (Sì)","5"
"2021/03/26 7:24:24 PM EET","33","3","4","Yes (Sì)","Oggetti d'uso quotidiano","Purtroppo non buono","Sopraffatto","The best things (Le cose migliori)","To be in a crowd in a closed space (Trovarsi in mezzo alla folla in uno spazio chiuso)","Yes (Sì)","3"
"2021/03/26 10:03:36 PM EET","18","3","5","No (No)","Non importa cosa, l'importante é che si ricicli","Spero che un giorno non saranno piú inquinati","Na merda","The worst things (Le cose peggiori)","To be in a crowd in a closed space (Trovarsi in mezzo alla folla in uno spazio chiuso)","Yes (Sì)","5"
"2021/03/26 11:33:38 PM EET","30","1","5","Maybe (Forse)","Bottiglie, indumenti, utensili da cucina e tutto quello che è possibile fare","Dipende da come ci comportiamo. ","Arrabbiata","The worst things (Le cose peggiori)","To be in a crowd in a closed space (Trovarsi in mezzo alla folla in uno spazio chiuso)","Yes (Sì)","2"
"2021/03/27 10:17:04 AM EET","22","4","5","Maybe (Forse)","Tutto ciò che è possibile","Avremo un problema gravissimo se non cominciamo a fare qualcosa da subito","Mi verrebbe da vomitare","The best things (Le cose migliori)","To be in a crowd in a closed space (Trovarsi in mezzo alla folla in uno spazio chiuso)","Yes (Sì)","5"
"2021/03/27 10:49:04 AM EET","23","3","4","Yes (Sì)","Clothes, packages ","Bad ","Sad","The best things (Le cose migliori)","Absence of horizon (Assenza di orizzonte)","No (No)","4"
"2021/03/27 3:46:24 PM EET","21","3","4","Yes (Sì)","packaging","Qualcosa dovrà succedere prima o poi","","The worst things (Le cose peggiori)","Nulla","Yes (Sì)","5"
"2021/03/27 9:08:09 PM EET","68","3","5","Yes (Sì)","Oggettistica","Spero migliore ","Male","The best things (Le cose migliori)","To be in a crowd in a closed space (Trovarsi in mezzo alla folla in uno spazio chiuso)","Yes (Sì)","4"
"2021/03/28 12:12:46 PM EET","59 anni","2","5","Yes (Sì)","Qualcosa che non inquini il mondo","Oceani puliti","Malissimo","The best things (Le cose migliori)","To be in a crowd in a closed space (Trovarsi in mezzo alla folla in uno spazio chiuso)","Yes, but only to have a nice experience without unconfortable feelings (Sì ma solo per avere esperienze senza sentimenti di disagio)","5"
"2021/03/28 8:14:24 PM EET","63","4","4","Yes (Sì)","Mi piacerebbe di vedere la plastica riciclabile al 100%","Senza l'educazione civile e l'informazione sull'utilizzo, la plastica continuerà ad accumularsi nell'oceano ","Arrabbiato","The best things (Le cose migliori)","To be in a crowd in a closed space (Trovarsi in mezzo alla folla in uno spazio chiuso)","Yes (Sì)","4"
"2021/03/29 5:48:52 PM EET","14 ","3","5","Maybe (Forse)","Oggetti utili di utilizzo quotidiano ","Ho paura che la flora e la fauna oceanica, ma anche in generale quella marina possa finire per estinguersi a causa delle morti della fauna dovute all’inquinamento della plastica ","","The best things (Le cose migliori)","Luoghi al chiuso molto stretti e con molte persone al loro interno","Yes (Sì)","5"
"2021/03/30 11:51:52 AM EET","29","3","5","Yes (Sì)","Biciclette, stampanti, gadget per eventi, bottiglie, penne, ","Distrutto dal poco rispetto per l’ambiente, che si parli di pesca intensiva o di inquinamento","Umiliato","The best things (Le cose migliori)","Absence of horizon (Assenza di orizzonte)","Yes (Sì)","4"
"2021/04/12 12:33:38 PM EET","31","3","5","Yes (Sì)","Scarpe","Immagino che gli oceani siano limpidi e cristallini in modo da non gravare sulla flora e la fauna marina","Mi sentirei soffocare","The best things (Le cose migliori)","passage and horizon blocked  (Passaggio e orizzonte ostruiti)","Yes (Sì)","5"